"","baseMean","log2FoldChange","lfcSE","stat","pvalue","padj","weight","symbol","description"
"ENSMUSG00000016458",21.4746912408276,3.60187837682357,0.384245413089625,9.37390077831179,6.99003028038583e-21,6.58989220782375e-17,2.2972542800886,"Wt1","WT1 transcription factor [Source:MGI Symbol;Acc:MGI:98968]"
"ENSMUSG00000030898",154.649507374045,3.53547014304302,0.402106820039782,8.79236552787948,1.46443415901161e-18,1.10546357370991e-14,1.43451053264269,"Cckbr","cholecystokinin B receptor [Source:MGI Symbol;Acc:MGI:99479]"
"ENSMUSG00000104876",17.0977805429986,3.32207027594179,0.399511621860637,8.31532825120327,9.14986624018094e-17,2.74080938740151e-13,2.06574252958792,"Trdc","T cell receptor delta, constant region [Source:MGI Symbol;Acc:MGI:98612]"
"ENSMUSG00000024987",33.7722978258491,3.2209727560014,0.424177860076951,7.59344854872217,3.11501909675823e-14,5.20162742124521e-11,2.16161599132409,"Cyp26a1","cytochrome P450, family 26, subfamily a, polypeptide 1 [Source:MGI Symbol;Acc:MGI:1096359]"
"ENSMUSG00000115016",18.4921916565366,3.18280353021338,0.403314551649165,7.89161590425836,2.98298608704318e-15,5.62445539791495e-12,2.2972542800886,"AA536875","predicted gene, 33906 [Source:MGI Symbol;Acc:MGI:5593065]"
"ENSMUSG00000069873",10.7291403874956,3.17238726158519,0.416979823242649,7.60801143066127,2.78345228752895e-14,5.0705009719252e-11,2.16161599132409,"4930438A08Rik","RIKEN cDNA 4930438A08 gene [Source:MGI Symbol;Acc:MGI:1921238]"
"ENSMUSG00000059645",13.7404049907036,3.06968725062386,0.413781982872767,7.41861022877776,1.18355652922868e-13,1.58906880427709e-10,2.30439320929677,"Gm7361","predicted gene 7361 [Source:MGI Symbol;Acc:MGI:3805965]"
"ENSMUSG00000000567",177.630350212334,3.04099000999797,0.378583487652048,8.03254792980541,9.54689216934189e-16,4.80826569157206e-12,0.955585099217488,"Sox9","SRY (sex determining region Y)-box 9 [Source:MGI Symbol;Acc:MGI:98371]"
"ENSMUSG00000029819",356.077863415394,2.95831665394826,0.428637603874414,6.90167317848066,5.13935671370724e-12,8.13783768883532e-09,1.60912260629019,"Npy","neuropeptide Y [Source:MGI Symbol;Acc:MGI:97374]"
"ENSMUSG00000029491",14.057022897051,2.92438207762488,0.339147084275706,8.62275459000418,6.53624348233879e-18,2.61949752013152e-14,2.16161599132409,"Pde6b","phosphodiesterase 6B, cGMP, rod receptor, beta polypeptide [Source:MGI Symbol;Acc:MGI:97525]"
"ENSMUSG00000026628",2860.53583833289,2.83414797851846,0.294034437645506,9.63883006770575,5.48090536604993e-22,2.16905947169585e-17,1.09450856017719,"Atf3","activating transcription factor 3 [Source:MGI Symbol;Acc:MGI:109384]"
"ENSMUSG00000001473",991.016472654903,2.81304270044302,0.297449232273071,9.4572195696929,3.1624021574582e-21,9.97735302723053e-17,0.457634568595675,"Tubb6","tubulin, beta 6 class V [Source:MGI Symbol;Acc:MGI:1915201]"
"ENSMUSG00000022582",22.0364165896576,2.81046058502651,0.429603085476658,6.54199348197933,6.07041493210843e-11,5.18653638157286e-08,2.30439320929677,"Ly6g","lymphocyte antigen 6 complex, locus G [Source:MGI Symbol;Acc:MGI:109440]"
"ENSMUSG00000081766",4.16893686002488,2.80560534855285,0.409456174904252,6.85202842333229,7.28100845501626e-12,8.13783768883532e-09,2.2972542800886,"2210409E12Rik","RIKEN cDNA 2210409E12 gene [Source:MGI Symbol;Acc:MGI:1919631]"
"ENSMUSG00000106112",7.33433623038489,2.78449785362901,0.419820749820388,6.63258749078101,3.29852701524211e-11,3.30483532317166e-08,2.16161599132409,"Gm43434","predicted gene 43434 [Source:MGI Symbol;Acc:MGI:5663571]"
"ENSMUSG00000050164",23.9695336230274,2.73341838874467,0.367178929361618,7.44437703300957,9.7402951236216e-14,1.40834966738772e-10,2.30439320929677,"Mchr1","melanin-concentrating hormone receptor 1 [Source:MGI Symbol;Acc:MGI:2180756]"
"ENSMUSG00000023387",38.7566476960048,2.71285636074348,0.405393850148499,6.69190309559393,2.20286731188827e-11,2.18606961045139e-08,2.2972542800886,"Kcnk16","potassium channel, subfamily K, member 16 [Source:MGI Symbol;Acc:MGI:1921821]"
"ENSMUSG00000073680",58.7881922670045,2.65597165264075,0.317349791219617,8.36922451542666,5.79986516387748e-17,2.04159345976309e-13,2.05085851259947,"Tmem88b","transmembrane protein 88B [Source:MGI Symbol;Acc:MGI:2444329]"
"ENSMUSG00000069793",21.2094085167245,2.64399441177083,0.419965217686511,6.295746172352,3.05924627317294e-10,2.30729795079325e-07,2.2972542800886,"Slfn9","schlafen 9 [Source:MGI Symbol;Acc:MGI:2445121]"
"ENSMUSG00000108022",11.5955617841531,2.59328535786769,0.42422555726028,6.11298709727807,9.77832798976357e-10,6.56429819057697e-07,2.30439320929677,"Gm7298","predicted gene 7298 [Source:MGI Symbol;Acc:MGI:3648717]"
"ENSMUSG00000042816",920.74175451724,2.58587186852301,0.305742001017339,8.45769262946757,2.72719811418575e-17,5.0694774860446e-13,0.291274067793829,"Gpr151","G protein-coupled receptor 151 [Source:MGI Symbol;Acc:MGI:2441887]"
"ENSMUSG00000037578",8.95314252097147,2.57490769239781,0.430100367927607,5.98676003186123,2.14062242124062e-09,1.66242805715558e-06,1.79917676935753,"Pkd2l1","polycystic kidney disease 2-like 1 [Source:MGI Symbol;Acc:MGI:1352448]"
"ENSMUSG00000020911",43.284052983935,2.53693795025414,0.427501564635711,5.93433605890065,2.950369671063e-09,1.7540793213112e-06,2.2767510559073,"Krt19","keratin 19 [Source:MGI Symbol;Acc:MGI:96693]"
"ENSMUSG00000046607",12.9456908100226,2.53155650343625,0.424339056068693,5.96588145076712,2.43316901634191e-09,1.77509998979994e-06,1.79917676935753,"Hrk","harakiri, BCL2 interacting protein (contains only BH3 domain) [Source:MGI Symbol;Acc:MGI:1201608]"
"ENSMUSG00000113211",5.64110319559228,2.48969621801765,0.430243530279824,5.78671390223667,7.1776671537187e-09,2.31605052888826e-06,3.72881728429784,"4921525O09Rik","RIKEN cDNA 4921525O09 gene [Source:MGI Symbol;Acc:MGI:1921300]"
"ENSMUSG00000019890",3291.72547825558,2.37045525723223,0.422185383566053,5.61472601730032,1.96873940458452e-08,1.63636731765898e-05,1.10878641859353,"Nts","neurotensin [Source:MGI Symbol;Acc:MGI:1328351]"
"ENSMUSG00000086541",6.96194484579319,2.36893247459495,0.429349726401621,5.5174891910354,3.43877227528184e-08,1.02943191921345e-05,3.44504433126575,"Has2os","hyaluronan synthase 2, opposite strand [Source:MGI Symbol;Acc:MGI:3643465]"
"ENSMUSG00000028186",5.39288454014893,2.35399808164282,0.427100191858405,5.5115828241614,3.55621013621751e-08,1.03983028912524e-05,3.44504433126575,"Uox","urate oxidase [Source:MGI Symbol;Acc:MGI:98907]"
"ENSMUSG00000020838",43.8453827835388,2.35076296797334,0.395931670361542,5.93729459890582,2.89763721843939e-09,1.9931521421246e-06,1.79917676935753,"Slc6a4","solute carrier family 6 (neurotransmitter transporter, serotonin), member 4 [Source:MGI Symbol;Acc:MGI:96285]"
"ENSMUSG00000051985",7.3063735919827,2.33127697276849,0.35714251520481,6.52758177343175,6.68400179786999e-11,5.47946265554314e-08,2.2972542800886,"Igfn1","immunoglobulin-like and fibronectin type III domain containing 1 [Source:MGI Symbol;Acc:MGI:3045352]"
"ENSMUSG00000025592",2.66120437048134,2.31626896714543,0.429177713449478,5.39699265492755,6.77671612022361e-08,2.58904973994462e-05,2.2972542800886,"Dach2","dachshund family transcription factor 2 [Source:MGI Symbol;Acc:MGI:1890446]"
"ENSMUSG00000022367",4.46944034942851,2.314123954295,0.429596545604476,5.38673780776996,7.17479793288835e-08,1.73634352825798e-05,3.72881728429784,"Has2","hyaluronan synthase 2 [Source:MGI Symbol;Acc:MGI:107821]"
"ENSMUSG00000035493",623.901345421344,2.28608717562436,0.333307694263178,6.85878908579672,6.9446680873503e-12,2.0299954902946e-08,0.823231982648185,"Tgfbi","transforming growth factor, beta induced [Source:MGI Symbol;Acc:MGI:99959]"
"ENSMUSG00000038676",36.7003799059702,2.26802225023787,0.430280642413162,5.27103017583599,1.35660161547629e-07,4.73683022732245e-05,2.2972542800886,"Ucn","urocortin [Source:MGI Symbol;Acc:MGI:1276123]"
"ENSMUSG00000019647",174.996919421982,2.2457092874272,0.341487985451631,6.576246846451,4.82471334440103e-11,6.07008609549148e-08,1.43451053264269,"Sema6a","sema domain, transmembrane domain (TM), and cytoplasmic domain, (semaphorin) 6A [Source:MGI Symbol;Acc:MGI:1203727]"
"ENSMUSG00000064612",2.71792516713389,2.24401622694293,0.387095097470686,5.79706702979587,6.74847235049121e-09,3.43900651188915e-06,2.2972542800886,"Gm26457","predicted gene, 26457 [Source:MGI Symbol;Acc:MGI:5456234]"
"ENSMUSG00000098276",1.55212420234405,2.23435282796862,0.424154647168548,5.26777872854649,1.38084405182421e-07,5.03085405000245e-05,2.16161599132409,"Mir6358","microRNA 6358 [Source:MGI Symbol;Acc:MGI:5531212]"
"ENSMUSG00000049796",138.370555151192,2.2320516364038,0.424083610760703,5.26323484277085,1.41542590184776e-07,6.38640217707409e-05,1.68420261583065,"Crh","corticotropin releasing hormone [Source:MGI Symbol;Acc:MGI:88496]"
"ENSMUSG00000032204",6.92663900659701,2.22160752670285,0.429180306287247,5.17639671289098,2.26212191177194e-07,7.31112301358825e-05,2.16161599132409,"Aqp9","aquaporin 9 [Source:MGI Symbol;Acc:MGI:1891066]"
"ENSMUSG00000019866",75.104719801471,2.20140916186798,0.362884306915205,6.06642150106088,1.30791606177516e-09,9.52542790347633e-07,2.05085851259947,"Crybg1","crystallin beta-gamma domain containing 1 [Source:MGI Symbol;Acc:MGI:109544]"
"ENSMUSG00000022221",25.8474497751853,2.19938649248817,0.429380544012679,5.12223137064921,3.01941075188907e-07,8.79329875367736e-05,2.06574252958792,"Ripk3","receptor-interacting serine-threonine kinase 3 [Source:MGI Symbol;Acc:MGI:2154952]"
"ENSMUSG00000024521",35.9168520046345,2.1992848055783,0.423695093028009,5.19072522143397,2.09476569251905e-07,6.58284230569689e-05,2.2972542800886,"Pmaip1","phorbol-12-myristate-13-acetate-induced protein 1 [Source:MGI Symbol;Acc:MGI:1930146]"
"ENSMUSG00000031574",74.2796093105279,2.18719904281312,0.32882627234833,6.65153373297432,2.90054353936539e-11,3.55225451885001e-08,1.68420261583065,"Star","steroidogenic acute regulatory protein [Source:MGI Symbol;Acc:MGI:102760]"
"ENSMUSG00000026247",125.016823886536,2.18524908286419,0.416066993644793,5.25215678302468,1.50328412865188e-07,6.55289247614824e-05,1.68420261583065,"Ecel1","endothelin converting enzyme-like 1 [Source:MGI Symbol;Acc:MGI:1343461]"
"ENSMUSG00000050359",7396.93368128123,2.18374688003381,0.429467595036005,5.0847768382868,3.68058564152331e-07,0.00023616697095446,0.823231982648186,"Sprr1a","small proline-rich protein 1A [Source:MGI Symbol;Acc:MGI:106660]"
"ENSMUSG00000058665",1.60921728097716,2.18360132491213,0.428058622164148,5.10117355859446,3.37553835846022e-07,6.95755609361958e-05,3.44504433126575,"En1","engrailed 1 [Source:MGI Symbol;Acc:MGI:95389]"
"ENSMUSG00000062077",2.53693421370004,2.1811926439155,0.427198707013328,5.10580347764828,3.29391883218713e-07,8.72039739416842e-05,2.30439320929677,"Trim54","tripartite motif-containing 54 [Source:MGI Symbol;Acc:MGI:1889623]"
"ENSMUSG00000107265",2.11422899095526,2.17022498020303,0.427672684968004,5.07449986048416,3.88516517008649e-07,0.000100038773505266,2.30439320929677,"Gm15469","predicted gene 15469 [Source:MGI Symbol;Acc:MGI:3705154]"
"ENSMUSG00000070438",1.57420507642039,2.16566857131783,0.415879478869571,5.20744273606497,1.91460895491095e-07,4.22532656558176e-05,3.72881728429784,"Olfr313","olfactory receptor 313 [Source:MGI Symbol;Acc:MGI:3030147]"
"ENSMUSG00000051758",9.51223225378209,2.16506296379513,0.4129194761994,5.24330550770536,1.57725056254499e-07,6.54692221773379e-05,1.79917676935753,"4930544M13Rik","RIKEN cDNA 4930544M13 gene [Source:MGI Symbol;Acc:MGI:1922411]"
"ENSMUSG00000095493",18.2415783354734,2.1633803552727,0.377212796479208,5.73517223027704,9.7413305465009e-09,4.83352459726988e-06,2.2972542800886,"A630023A22Rik","RIKEN cDNA A630023A22 gene [Source:MGI Symbol;Acc:MGI:2145657]"
"ENSMUSG00000047496",14.6761185292831,2.15813221819728,0.397092258056327,5.43483831379849,5.48461423266294e-08,2.58904973994462e-05,1.79917676935753,"Rnf152","ring finger protein 152 [Source:MGI Symbol;Acc:MGI:2443787]"
"ENSMUSG00000030523",7.90213600839502,2.15430595708054,0.366035904973011,5.8855044759595,3.96841645893391e-09,1.53660840076168e-06,3.72881728429784,"Trpm1","transient receptor potential cation channel, subfamily M, member 1 [Source:MGI Symbol;Acc:MGI:1330305]"
"ENSMUSG00000057534",3.81375453536651,2.14981813861727,0.427207434642838,5.03225825274928,4.84735665008792e-07,0.000123127478823686,2.30439320929677,"Elobl","elongin B-like [Source:MGI Symbol;Acc:MGI:1860403]"
"ENSMUSG00000056054",12.5765001785165,2.14509846889708,0.417783995461715,5.1344677924448,2.82943540425711e-07,8.05819142382345e-05,2.30439320929677,"S100a8","S100 calcium binding protein A8 (calgranulin A) [Source:MGI Symbol;Acc:MGI:88244]"
"ENSMUSG00000081859",1.30661597343598,2.12412994766155,0.429090803363212,4.95030406387792,7.40976231137105e-07,0.000176302681452651,2.30439320929677,"Olfr650-ps1","olfactory receptor 650, pseudogene 1 [Source:MGI Symbol;Acc:MGI:3030484]"
"ENSMUSG00000024659",1209.39153628286,2.07264096034671,0.428872312620828,4.83276933332639,1.34646766112671e-06,0.000579198270026416,1.09450856017719,"Anxa1","annexin A1 [Source:MGI Symbol;Acc:MGI:96819]"
"ENSMUSG00000050917",2.64332596231066,-2.03997126947025,0.430177026191179,-4.74216693423244,2.11444275598012e-06,0.0003055766625663,3.44504433126575,"Fgf4","fibroblast growth factor 4 [Source:MGI Symbol;Acc:MGI:95518]"
"ENSMUSG00000038583",227.071012439173,-2.03580189003898,0.418610293995788,-4.86323895814053,1.15480292332591e-06,0.000530732030518615,1.03568933049696,"Pln","phospholamban [Source:MGI Symbol;Acc:MGI:97622]"
"ENSMUSG00000099762",2.180377505972,2.02025569254764,0.427370949864255,4.72717130911527,2.27669180866102e-06,0.000325285778806852,3.44504433126575,"Gm21149","predicted gene, 21149 [Source:MGI Symbol;Acc:MGI:5434504]"
"ENSMUSG00000031074",62.3877885693792,2.00577404116255,0.423498721564423,4.73619857399601,2.17764227497019e-06,0.000511030297045791,2.05085851259947,"Fgf3","fibroblast growth factor 3 [Source:MGI Symbol;Acc:MGI:95517]"
"ENSMUSG00000058153",161.845543545058,1.9810450620727,0.425438699894868,4.65647592135423,3.21667880368888e-06,0.000880083390685949,1.68420261583065,"Sez6l","seizure related 6 homolog like [Source:MGI Symbol;Acc:MGI:1935121]"
"ENSMUSG00000093846",8.53663676624046,1.97186169540378,0.383391618231219,5.14320501971583,2.70090593606737e-07,7.87529732348024e-05,2.2972542800886,"Gm4425","predicted gene 4425 [Source:MGI Symbol;Acc:MGI:3809660]"
"ENSMUSG00000068735",84.8455338205281,1.95585776567952,0.393992896354752,4.96419550650594,6.89864244508291e-07,0.000182127811153838,2.05085851259947,"Trp53i11","transformation related protein 53 inducible protein 11 [Source:MGI Symbol;Acc:MGI:2670995]"
"ENSMUSG00000087044",6.76389979455676,1.9496454021431,0.430213459025059,4.53180941052228,5.84806013520184e-06,0.00119576414869734,2.16161599132409,"1700042G15Rik","RIKEN cDNA 1700042G15 gene [Source:MGI Symbol;Acc:MGI:1920599]"
"ENSMUSG00000051379",1110.51985010246,1.93942576930854,0.301965891603473,6.42266502024441,1.33908956280522e-10,4.87478844754791e-07,0.457634568595675,"Flrt3","fibronectin leucine rich transmembrane protein 3 [Source:MGI Symbol;Acc:MGI:1918686]"
"ENSMUSG00000118027",2.731926978689,1.93051782095207,0.376323340467847,5.12994442107163,2.89827738436219e-07,8.13105459821353e-05,2.30439320929677,"Gm10802","predicted gene 10802 [Source:MGI Symbol;Acc:MGI:3641658]"
"ENSMUSG00000002699",151.459102862989,-1.91971649269559,0.424226411410219,-4.52521682069261,6.03336182964929e-06,0.00149007767810502,1.71944627050799,"Lcp2","lymphocyte cytosolic protein 2 [Source:MGI Symbol;Acc:MGI:1321402]"
"ENSMUSG00000052942",3.30122307188437,1.8934164725362,0.388750927502031,4.87051306784679,1.11308839008946e-06,0.000165768598585392,3.72881728429784,"Glis3","GLIS family zinc finger 3 [Source:MGI Symbol;Acc:MGI:2444289]"
"ENSMUSG00000041202",105.541707239739,1.87990193291425,0.413437863376454,4.54699992294251,5.44160181571129e-06,0.00139949303267936,1.68420261583065,"Pla2g2d","phospholipase A2, group IID [Source:MGI Symbol;Acc:MGI:1341796]"
"ENSMUSG00000076870",0.86272870224112,1.87913144560682,0.42996669598914,4.37041162289063,1.24012539760015e-05,0.00395039481825606,1.07068001598801,"Trdj1","T cell receptor delta joining 1 [Source:MGI Symbol;Acc:MGI:4819753]"
"ENSMUSG00000024863",32.8040714600781,1.8756564650037,0.417923226070453,4.48804074049598,7.18811848344305e-06,0.00149007767810502,2.06574252958792,"Mbl2","mannose-binding lectin (protein C) 2 [Source:MGI Symbol;Acc:MGI:96924]"
"ENSMUSG00000030897",3.65290586241645,1.85704774522694,0.397766325170553,4.66869020254714,3.0312606481191e-06,0.0006145674893931,2.2972542800886,"Cnga4","cyclic nucleotide gated channel alpha 4 [Source:MGI Symbol;Acc:MGI:2664099]"
"ENSMUSG00000037577",28.3694627000629,1.85226769579477,0.426839419320308,4.33949539792807,1.42810257379524e-05,0.00269773043117402,2.06574252958792,"Ephx3","epoxide hydrolase 3 [Source:MGI Symbol;Acc:MGI:1919182]"
"ENSMUSG00000032487",24.3490617543647,1.84708023014778,0.430068941474565,4.29484683040526,1.74813988701832e-05,0.00304605763184713,2.16161599132409,"Ptgs2","prostaglandin-endoperoxide synthase 2 [Source:MGI Symbol;Acc:MGI:97798]"
"ENSMUSG00000028602",6.82958914815906,1.83838687924394,0.429763064641198,4.27767537626524,1.8885515795321e-05,0.00306021960715086,2.30439320929677,"Tnfrsf8","tumor necrosis factor receptor superfamily, member 8 [Source:MGI Symbol;Acc:MGI:99908]"
"ENSMUSG00000114432",4.10592015064112,1.834186090074,0.428746113119597,4.27802383263207,1.88559836773964e-05,0.0021061197949202,3.72881728429784,"Gm49391","predicted gene, 49391 [Source:MGI Symbol;Acc:MGI:6121619]"
"ENSMUSG00000036480",5.00506029863091,1.82832151186946,0.429470204702757,4.25715565794574,2.07044205663063e-05,0.00330834142499126,2.2972542800886,"Prss56","protease, serine 56 [Source:MGI Symbol;Acc:MGI:1916703]"
"ENSMUSG00000027656",79.0665972040314,1.81677209264614,0.430197726406433,4.22310947066634,2.40954710332791e-05,0.00732375417767037,0.988791389825458,"Ccn5","cellular communication network factor 5 [Source:MGI Symbol;Acc:MGI:1328326]"
"ENSMUSG00000040612",48.8409673565085,1.81156576459678,0.324827688530424,5.57700537411886,2.44694312740476e-08,1.39847704740103e-05,1.68420261583065,"Ildr2","immunoglobulin-like domain containing receptor 2 [Source:MGI Symbol;Acc:MGI:1196370]"
"ENSMUSG00000106004",1.48075073838624,1.80835850802541,0.429490891899566,4.21046998232569,2.54839984012036e-05,0.0038614724505161,2.2972542800886,"Gm43391","predicted gene 43391 [Source:MGI Symbol;Acc:MGI:5663528]"
"ENSMUSG00000063632",2362.49232366202,1.8005506050962,0.30977239327325,5.81249538111015,6.15483825681537e-09,6.24555725091577e-06,1.09450856017719,"Sox11","SRY (sex determining region Y)-box 11 [Source:MGI Symbol;Acc:MGI:98359]"
"ENSMUSG00000091345",20.1158996092827,1.79187015697711,0.409872249036612,4.37177720909094,1.23239248093e-05,0.00219640313324154,2.30439320929677,"Col6a5","collagen, type VI, alpha 5 [Source:MGI Symbol;Acc:MGI:3648134]"
"ENSMUSG00000024770",7.2064419190757,1.78790380434302,0.390403448647412,4.57963117523008,4.65796583073411e-06,0.000905427776389167,2.2972542800886,"Lipn","lipase, family member N [Source:MGI Symbol;Acc:MGI:1917416]"
"ENSMUSG00000021384",82.7432954070762,-1.76542285677518,0.427063423109059,-4.13386574744039,3.56711896141672e-05,0.00922659395445643,1.12390145863087,"Susd3","sushi domain containing 3 [Source:MGI Symbol;Acc:MGI:1913579]"
"ENSMUSG00000075602",494.419403814041,1.76230471750593,0.429216314270793,4.10586610739613,4.02802759993787e-05,0.014392156753145,0.713109060572105,"Ly6a","lymphocyte antigen 6 complex, locus A [Source:MGI Symbol;Acc:MGI:107527]"
"ENSMUSG00000049521",30.8872119366277,1.75987725022679,0.389041099257203,4.52362810404074,6.0788498270208e-06,0.00128750329120683,2.06574252958792,"Cdc42ep1","CDC42 effector protein (Rho GTPase binding) 1 [Source:MGI Symbol;Acc:MGI:1929763]"
"ENSMUSG00000073530",15.1867230842571,1.75685646656117,0.428768382488088,4.09744873529703,4.17728639843742e-05,0.00583431311140057,2.2972542800886,"Pappa2","pappalysin 2 [Source:MGI Symbol;Acc:MGI:3051647]"
"ENSMUSG00000052316",9.01440520616287,1.75195430171957,0.413144437856086,4.24053706449714,2.22985608809308e-05,0.00366249279240708,2.16161599132409,"Lrrc15","leucine rich repeat containing 15 [Source:MGI Symbol;Acc:MGI:1921738]"
"ENSMUSG00000097327",12.5005296274168,1.74429615286391,0.424577089081073,4.10831436203765,3.98557371796135e-05,0.00559072048810819,2.30439320929677,"E030030I06Rik","RIKEN cDNA E030030I06 gene [Source:MGI Symbol;Acc:MGI:2442914]"
"ENSMUSG00000099839",15.5751927548609,1.73878156505301,0.429545993444097,4.04795200418813,5.1667737649295e-05,0.0068878243757436,2.30439320929677,"Gm29374","predicted gene 29374 [Source:MGI Symbol;Acc:MGI:5580080]"
"ENSMUSG00000103818",1.88727873549204,1.73118596357701,0.407278081092429,4.2506239445381,2.1317582871765e-05,0.00229893933979292,3.72881728429784,"Gm38009","predicted gene, 38009 [Source:MGI Symbol;Acc:MGI:5611237]"
"ENSMUSG00000117926",29.3218397019298,1.72963464974751,0.426642912641992,4.05405691386439,5.03369611493068e-05,0.00824392709838349,1.79917676935753,"C030004G16Rik","RIKEN cDNA C030004G16 gene [Source:MGI Symbol;Acc:MGI:1925786]"
"ENSMUSG00000097482",5.25687154970467,1.72589593032229,0.410553023912303,4.2038319773549,2.62433778951101e-05,0.00292001306476437,3.44504433126575,"Gm17634","predicted gene, 17634 [Source:MGI Symbol;Acc:MGI:4937268]"
"ENSMUSG00000097023",1.88233769609996,1.72259089904018,0.406267931550579,4.24003659965399,2.23483345070243e-05,0.00350062547654055,2.30439320929677,"Mir9-3hg","Mir9-3 host gene [Source:MGI Symbol;Acc:MGI:2142071]"
"ENSMUSG00000020279",1.50080762871508,1.71988592725522,0.430069199977503,3.99909114008905,6.35861922123024e-05,0.00821181604619594,2.2972542800886,"Il9r","interleukin 9 receptor [Source:MGI Symbol;Acc:MGI:96564]"
"ENSMUSG00000020122",105.420966174739,1.71838047456789,0.326123015269287,5.26911746216066,1.37081227504559e-07,7.73726347289858e-05,1.21811521568007,"Egfr","epidermal growth factor receptor [Source:MGI Symbol;Acc:MGI:95294]"
"ENSMUSG00000029581",129.972519623293,1.71812855980169,0.323797591599093,5.30618078817887,1.1194593290427e-07,5.14119733890995e-05,1.68420261583065,"Fscn1","fascin actin-bundling protein 1 [Source:MGI Symbol;Acc:MGI:1352745]"
"ENSMUSG00000030708",4.31376158418658,-1.70799614673946,0.415293317051995,-4.11274652542896,3.90979597097373e-05,0.00369246339798916,3.72881728429784,"Dnajb13","DnaJ heat shock protein family (Hsp40) member B13 [Source:MGI Symbol;Acc:MGI:1916637]"
"ENSMUSG00000026676",121.59507007103,1.69810913221393,0.423760553540879,4.00723738447288,6.14331099507461e-05,0.0130808504598189,1.21811521568007,"Ccdc3","coiled-coil domain containing 3 [Source:MGI Symbol;Acc:MGI:1921436]"
"ENSMUSG00000037280",72.5207394663611,1.69538875913311,0.300116031510042,5.64911094753157,1.61279746000387e-08,1.53587418853617e-05,0.988791389825458,"Galnt6","polypeptide N-acetylgalactosaminyltransferase 6 [Source:MGI Symbol;Acc:MGI:1891640]"
"ENSMUSG00000021208",1.84525966923021,1.68711924618526,0.430118350039869,3.92245354337677,8.76517977225417e-05,0.0109636001647339,2.16161599132409,"Ifi27l2b","interferon, alpha-inducible protein 27 like 2B [Source:MGI Symbol;Acc:MGI:1916390]"
"ENSMUSG00000021411",72.9060941275144,1.67930651709691,0.409573640935201,4.10013328314405,4.12912261766431e-05,0.00732375417767037,1.68420261583065,"Pxdc1","PX domain containing 1 [Source:MGI Symbol;Acc:MGI:1914145]"
"ENSMUSG00000117778",3.63766890767621,1.67888353710651,0.389354926281787,4.31196171867993,1.61812454078922e-05,0.00272410078428738,2.2972542800886,"Gm50384","predicted gene, 50384 [Source:MGI Symbol;Acc:MGI:6303284]"
"ENSMUSG00000020216",11.1688952177127,1.67484412018525,0.394133822428202,4.24943007901929,2.14315091772259e-05,0.00338522488797606,2.30439320929677,"Jsrp1","junctional sarcoplasmic reticulum protein 1 [Source:MGI Symbol;Acc:MGI:1916700]"
"ENSMUSG00000027556",72.2951817262565,1.66695196183097,0.378689629903392,4.40189492977727,1.07309523901084e-05,0.00248005595429396,1.71944627050799,"Car1","carbonic anhydrase 1 [Source:MGI Symbol;Acc:MGI:88268]"
"ENSMUSG00000044393",5.24730261160076,1.66575880053725,0.331841091060721,5.0197484440902,5.17391893224453e-07,0.000128361645793178,2.2972542800886,"Dsg2","desmoglein 2 [Source:MGI Symbol;Acc:MGI:1196466]"
"ENSMUSG00000041559",32.8602656165078,-1.6645303642448,0.417849417241637,-3.98356512073875,6.78890570694368e-05,0.00919174220522219,2.16161599132409,"Fmod","fibromodulin [Source:MGI Symbol;Acc:MGI:1328364]"
"ENSMUSG00000039899",175.65561319626,1.65925063717227,0.414861917290589,3.9995250660958,6.34697255093673e-05,0.0102662887947601,1.68420261583065,"Fgl2","fibrinogen-like protein 2 [Source:MGI Symbol;Acc:MGI:103266]"
"ENSMUSG00000069805",112.173517206877,-1.65394469685474,0.394472537778439,-4.19280060956664,2.75531605445192e-05,0.00732375417767037,1.12390145863087,"Fbp1","fructose bisphosphatase 1 [Source:MGI Symbol;Acc:MGI:95492]"
"ENSMUSG00000076864",1.14866176273661,1.65035656505875,0.429252377638387,3.84472317693031,0.000120688602816902,0.0143099899641044,2.16161599132409,"Trdv1","T cell receptor delta variable 1 [Source:MGI Symbol;Acc:MGI:3649381]"
"ENSMUSG00000021373",20.2015695725728,1.64945867865064,0.413998040712415,3.98421856251354,6.77025404178726e-05,0.0102662887947601,1.79917676935753,"Cap2","CAP, adenylate cyclase-associated protein, 2 (yeast) [Source:MGI Symbol;Acc:MGI:1914502]"
"ENSMUSG00000029304",1528.32496089334,-1.64798676780555,0.426455642008553,-3.86438026718029,0.00011137160335538,0.0450482693201691,0.457634568595675,"Spp1","secreted phosphoprotein 1 [Source:MGI Symbol;Acc:MGI:98389]"
"ENSMUSG00000098914",24.0652444739413,1.64494311022481,0.403497196302014,4.07671509319135,4.56764027307023e-05,0.00658471325469987,2.16161599132409,NA,NA
"ENSMUSG00000105157",36.5945892232198,1.63679648146345,0.43016172471235,3.80507234240326,0.000141762751645418,0.0159588615209321,2.16161599132409,"Gm31831","predicted gene, 31831 [Source:MGI Symbol;Acc:MGI:5590990]"
"ENSMUSG00000054672",2.39201557989067,-1.62828399807051,0.417781224103349,-3.89745614242279,9.72084196226228e-05,0.0111760743919198,2.2972542800886,"Scart2","scavenger receptor family member expressed on T cells 2 [Source:MGI Symbol;Acc:MGI:2443685]"
"ENSMUSG00000005220",18.8309843488344,1.61729425034916,0.430253927289255,3.75892966402111,0.000170641796455201,0.0176784130150726,2.2972542800886,"Corin","corin, serine peptidase [Source:MGI Symbol;Acc:MGI:1349451]"
"ENSMUSG00000024912",27.423878749607,1.61719664769144,0.314727678092248,5.13839983027303,2.77087830559708e-07,8.42035670389043e-05,2.06574252958792,"Fosl1","fos-like antigen 1 [Source:MGI Symbol;Acc:MGI:107179]"
"ENSMUSG00000086758",0.992464357023074,1.60874960292081,0.428157325348494,3.75737960716048,0.000171701928766385,0.0330123041599013,1.07279899964284,"Gm13912","predicted gene 13912 [Source:MGI Symbol;Acc:MGI:3650993]"
"ENSMUSG00000081145",1.33018204751707,1.60769785374204,0.420531535687324,3.82301377497027,0.000131830411724065,0.0144910958822659,2.30439320929677,"Gm14585","predicted gene 14585 [Source:MGI Symbol;Acc:MGI:3709649]"
"ENSMUSG00000030102",152.711097294762,1.59606142645157,0.303426424129727,5.26012667166124,1.43956197010927e-07,7.87529732348024e-05,1.21811521568007,"Itpr1","inositol 1,4,5-trisphosphate receptor 1 [Source:MGI Symbol;Acc:MGI:96623]"
"ENSMUSG00000020427",80.6080694355262,1.59570574669405,0.337488073772773,4.72818410693951,2.26536730904346e-06,0.000905427776389167,1.12390145863087,"Igfbp3","insulin-like growth factor binding protein 3 [Source:MGI Symbol;Acc:MGI:96438]"
"ENSMUSG00000024647",167.28372765856,1.58788618260501,0.412065932910117,3.85347599931629,0.000116452683356551,0.0166387607213335,1.68420261583065,"Cbln2","cerebellin 2 precursor protein [Source:MGI Symbol;Acc:MGI:88282]"
"ENSMUSG00000014599",195.607283908484,1.58665082186066,0.320783569378534,4.94617235207694,7.56869521482897e-07,0.000242544210967881,1.60912260629019,"Csf1","colony stimulating factor 1 (macrophage) [Source:MGI Symbol;Acc:MGI:1339753]"
"ENSMUSG00000094732",1.32217152041771,1.58584457621589,0.426545451120395,3.71787947111005,0.000200902075342138,0.0214134354200734,2.16161599132409,"1500015L24Rik","RIKEN cDNA 1500015L24 gene [Source:MGI Symbol;Acc:MGI:1916244]"
"ENSMUSG00000052336",186.253297929564,1.57812979282816,0.41375368085522,3.81417704747955,0.00013663748904233,0.0218294425639659,1.43451053264269,"Cx3cr1","chemokine (C-X3-C motif) receptor 1 [Source:MGI Symbol;Acc:MGI:1333815]"
"ENSMUSG00000116518",3.4537278918821,1.57588446874727,0.36172230283747,4.356614055549,1.3208987693548e-05,0.00229893933979292,2.30439320929677,"Gm49494","predicted gene, 49494 [Source:MGI Symbol;Acc:MGI:6155173]"
"ENSMUSG00000019122",75.9332867267273,-1.57356979528752,0.39071017754763,-4.02746046996868,5.63825431099363e-05,0.00946897807236264,1.71944627050799,"Ccl9","chemokine (C-C motif) ligand 9 [Source:MGI Symbol;Acc:MGI:104533]"
"ENSMUSG00000050321",48.7216257739646,1.57025369963652,0.368182924595168,4.26487377534707,2.00015244884551e-05,0.00534763070117822,1.21811521568007,"Neto1","neuropilin (NRP) and tolloid (TLL)-like 1 [Source:MGI Symbol;Acc:MGI:2180216]"
"ENSMUSG00000007946",5.29660064281322,1.56472512182699,0.405568994730993,3.85809847931015,0.000114272606762452,0.0129394488594802,2.30439320929677,"Phox2a","paired-like homeobox 2a [Source:MGI Symbol;Acc:MGI:106633]"
"ENSMUSG00000035594",1.38720498232711,1.56145986824464,0.41447113261217,3.76735493833713,0.000164986350882576,0.0171869451736264,2.2972542800886,"Chrna5","cholinergic receptor, nicotinic, alpha polypeptide 5 [Source:MGI Symbol;Acc:MGI:87889]"
"ENSMUSG00000028226",254.737269518152,1.55844285032825,0.3003474906478,5.18879930365638,2.11654357211351e-07,8.37852333020049e-05,1.60912260629019,"Mmp16","matrix metallopeptidase 16 [Source:MGI Symbol;Acc:MGI:1276107]"
"ENSMUSG00000118550",1.43786191673856,1.54815017942873,0.402715466621123,3.84427792758514,0.000120907917200836,0.013527800508409,2.30439320929677,"Gm52965","predicted gene, 52965 [Source:MGI Symbol;Acc:MGI:6388845]"
"ENSMUSG00000072572",8.35231527478611,1.54522489271766,0.393007974996787,3.93179016972949,8.4315645029546e-05,0.0101909065188017,2.2972542800886,"Slc39a2","solute carrier family 39 (zinc transporter), member 2 [Source:MGI Symbol;Acc:MGI:2684326]"
"ENSMUSG00000100303",2.8944881443318,1.54504905295069,0.419534010995823,3.68277425061033,0.000230709453616396,0.0235868037453513,2.16161599132409,"2600014E21Rik","RIKEN cDNA 2600014E21 gene [Source:MGI Symbol;Acc:MGI:1919384]"
"ENSMUSG00000058124",5.59182037326765,1.54450803816763,0.42868033693251,3.60293651259958,0.000314642398607741,0.0196504054491437,3.72881728429784,"H2-M10.3","histocompatibility 2, M region locus 10.3 [Source:MGI Symbol;Acc:MGI:1276524]"
"ENSMUSG00000087581",0.927245875660759,1.53145553893809,0.392748772102037,3.89932610289667,9.64607868625622e-05,0.0122715690344954,2.06350288274588,"Gm11571","predicted gene 11571 [Source:MGI Symbol;Acc:MGI:3650087]"
"ENSMUSG00000092465",7.34322444285134,1.53120046122332,0.378754876183837,4.04272144731444,5.28343738643518e-05,0.00701548127849506,2.2972542800886,"Gm20472","predicted gene 20472 [Source:MGI Symbol;Acc:MGI:5141937]"
"ENSMUSG00000043557",24.8098265868117,1.53011613104707,0.312913381037553,4.88990316097553,1.00885596528854e-06,0.000242544210967881,2.16161599132409,"Mdga1","MAM domain containing glycosylphosphatidylinositol anchor 1 [Source:MGI Symbol;Acc:MGI:1922012]"
"ENSMUSG00000001870",110.250167696721,1.52979478867681,0.353471500337123,4.32791551007017,1.50527187795093e-05,0.00414930336664539,1.21811521568007,"Ltbp1","latent transforming growth factor beta binding protein 1 [Source:MGI Symbol;Acc:MGI:109151]"
"ENSMUSG00000021508",32.6410945099383,1.52900141585093,0.425242396322805,3.59559966050576,0.000323645195009922,0.0301829558393833,2.2767510559073,"Cxcl14","chemokine (C-X-C motif) ligand 14 [Source:MGI Symbol;Acc:MGI:1888514]"
"ENSMUSG00000054509",316.004330952177,1.52825076427062,0.216924681897725,7.04507551146785,1.85360957304932e-12,4.82168633781623e-09,1.11011090355018,"Parp4","poly (ADP-ribose) polymerase family, member 4 [Source:MGI Symbol;Acc:MGI:2685589]"
"ENSMUSG00000084092",1.18418075916782,1.52621700445228,0.388772780097023,3.92573009888036,8.6467067869981e-05,0.0102662887947601,2.2972542800886,"Gm5843","predicted gene 5843 [Source:MGI Symbol;Acc:MGI:3645250]"
"ENSMUSG00000024857",2.5696018569793,1.52491425063448,0.411648977927547,3.70440431629804,0.000211888068219428,0.0152234104451836,3.44504433126575,"Cabp2","calcium binding protein 2 [Source:MGI Symbol;Acc:MGI:1352749]"
"ENSMUSG00000063234",9.49974145307677,-1.51747994279402,0.401553788608591,-3.77902036001748,0.000157446551946518,0.0165847669246962,2.2972542800886,"Gpr84","G protein-coupled receptor 84 [Source:MGI Symbol;Acc:MGI:1934129]"
"ENSMUSG00000033350",564.299868174528,1.51255620845019,0.37181929866647,4.06798736341813,4.74209523271955e-05,0.0145026416163588,0.823231982648185,"Chst2","carbohydrate sulfotransferase 2 [Source:MGI Symbol;Acc:MGI:1891160]"
"ENSMUSG00000090062",1.79032722474464,1.51058393816837,0.427525624193863,3.53331789414191,0.000410378698416734,0.0358228643017491,2.2972542800886,"Galnt6os","polypeptide N-acetylgalactosaminyltransferase 6, opposite strand [Source:MGI Symbol;Acc:MGI:1916281]"
"ENSMUSG00000091034",1.08844910884714,1.50929919118374,0.417974542019861,3.61098353954778,0.000305038023683724,0.0191535582065916,3.72881728429784,"Gm17660","predicted gene, 17660 [Source:MGI Symbol;Acc:MGI:4937294]"
"ENSMUSG00000028370",28.0945447516686,1.49968088441192,0.422923060179972,3.54598986343696,0.000391141252559052,0.0359531463654614,2.16161599132409,"Pappa","pregnancy-associated plasma protein A [Source:MGI Symbol;Acc:MGI:97479]"
"ENSMUSG00000113769",42.7520655737353,1.49944490944176,0.26708179981453,5.6141785418663,1.97498211771817e-08,9.39346774507939e-06,2.2767510559073,"5033406O09Rik","RIKEN cDNA 5033406O09 gene [Source:MGI Symbol;Acc:MGI:1923205]"
"ENSMUSG00000086428",4.20510293804204,1.49824241148339,0.424693760394556,3.52781828038037,0.000418999695337189,0.0381637287616248,2.16161599132409,"Gm15199","predicted gene 15199 [Source:MGI Symbol;Acc:MGI:3705141]"
"ENSMUSG00000033080",1.73826149528904,1.4981465163381,0.370625364569997,4.042212594047,5.29491925208865e-05,0.0051210556236867,3.44504433126575,"Vsx1","visual system homeobox 1 [Source:MGI Symbol;Acc:MGI:1890816]"
"ENSMUSG00000038331",3.56321160707549,1.49658930626107,0.430054095032582,3.48000245445329,0.000501409188962602,0.029029788424527,3.72881728429784,"Satb2","special AT-rich sequence binding protein 2 [Source:MGI Symbol;Acc:MGI:2679336]"
"ENSMUSG00000112734",189.45931610226,-1.49384324418527,0.384696473303919,-3.88317374306964,0.000103101841813192,0.0152234104451836,1.68420261583065,"Gm47644","predicted gene, 47644 [Source:MGI Symbol;Acc:MGI:6096722]"
"ENSMUSG00000053469",2.05879812242027,1.49307276706963,0.43024208764278,3.47030848434636,0.000519860927257565,0.0298953073943615,3.72881728429784,"Tg","thyroglobulin [Source:MGI Symbol;Acc:MGI:98733]"
"ENSMUSG00000075402",6.62688210728317,1.48958336085542,0.428668931159807,3.47490394702783,0.000511036302019903,0.0311909092664191,3.44504433126575,"Krt76","keratin 76 [Source:MGI Symbol;Acc:MGI:1924305]"
"ENSMUSG00000076434",309.647142665732,1.48508284885772,0.397789001311934,3.73334316423989,0.000188954870979731,0.03608467461709,1.03568933049696,"Wfdc3","WAP four-disulfide core domain 3 [Source:MGI Symbol;Acc:MGI:1923897]"
"ENSMUSG00000020205",1310.77577515282,1.48388263546575,0.268538485977394,5.52577270280231,3.28038604499702e-08,2.58904973994462e-05,1.09450856017719,"Phlda1","pleckstrin homology like domain, family A, member 1 [Source:MGI Symbol;Acc:MGI:1096880]"
"ENSMUSG00000098041",2.13517919404516,1.47833214619125,0.429687627634121,3.44048106372299,0.000580681068973187,0.0459389901790227,2.30439320929677,"Gm26981","predicted gene, 26981 [Source:MGI Symbol;Acc:MGI:5504096]"
"ENSMUSG00000116957",4.40152617340372,-1.47509779036059,0.412605310704257,-3.57508192961166,0.000350118238227302,0.0318914039391196,2.2972542800886,"Gm34680","predicted gene, 34680 [Source:MGI Symbol;Acc:MGI:5593839]"
"ENSMUSG00000056078",0.945385532207774,-1.47499955401398,0.423211222904878,-3.48525623656607,0.000491665971813467,0.0444851854848637,2.06350288274588,"Lipm","lipase, family member M [Source:MGI Symbol;Acc:MGI:1926003]"
"ENSMUSG00000022149",1.78419882095147,1.47317579414378,0.428218425325568,3.44024382655591,0.000581190338511165,0.0477296592632151,2.16161599132409,"C9","complement component 9 [Source:MGI Symbol;Acc:MGI:1098282]"
"ENSMUSG00000085761",20.5456662831418,1.47164644321353,0.399573586755499,3.68304235313241,0.000230466850549945,0.0226327062985933,2.2972542800886,"4930455G09Rik","RIKEN cDNA 4930455G09 gene [Source:MGI Symbol;Acc:MGI:1926167]"
"ENSMUSG00000031489",1.69415017664365,1.47015122102229,0.397079037094578,3.7024145917633,0.000213557263155727,0.0225227035083627,2.16161599132409,"Adrb3","adrenergic receptor, beta 3 [Source:MGI Symbol;Acc:MGI:87939]"
"ENSMUSG00000115620",2.38969120128479,1.46821149368576,0.407481598184532,3.60313570042705,0.000314401282741689,0.0307319573933371,2.16161599132409,"Gm45924","predicted gene, 45924 [Source:MGI Symbol;Acc:MGI:5825561]"
"ENSMUSG00000017652",14.7428512875589,-1.46429843680031,0.418627641574099,-3.49785415815914,0.000469017532893487,0.039162244662183,2.30439320929677,"Cd40","CD40 antigen [Source:MGI Symbol;Acc:MGI:88336]"
"ENSMUSG00000100113",987.285907127211,1.46326843070999,0.27062954536651,5.40690569733733,6.41228825532184e-08,0.000127141775388378,0.291274067793829,"Gm28592","predicted gene 28592 [Source:MGI Symbol;Acc:MGI:5579298]"
"ENSMUSG00000049897",2.1761805843357,1.46305748049626,0.420350875327147,3.48056246905065,0.000500362126450648,0.0410705651668772,2.30439320929677,"Stkld1","serine/threonine kinase-like domain containing 1 [Source:MGI Symbol;Acc:MGI:2685557]"
"ENSMUSG00000018845",20.8444746354824,1.46188849933373,0.391789360151083,3.73131240411938,0.000190484830029922,0.0213590000150546,2.06574252958792,"Unc45b","unc-45 myosin chaperone B [Source:MGI Symbol;Acc:MGI:2443377]"
"ENSMUSG00000104814",12.9495391372109,1.45571510186889,0.345878581846303,4.20874601167343,2.56791841534568e-05,0.0038614724505161,2.30439320929677,"Gm42979","predicted gene 42979 [Source:MGI Symbol;Acc:MGI:5663116]"
"ENSMUSG00000024883",24.1834099222606,1.45151690454193,0.298436880629594,4.86373165903543,1.15193059843632e-06,0.000271560852248733,2.16161599132409,"Rin1","Ras and Rab interactor 1 [Source:MGI Symbol;Acc:MGI:2385695]"
"ENSMUSG00000043020",4.50166539923148,1.45043058973097,0.354912664530442,4.08672536847883,4.37504488182564e-05,0.00635277099910702,2.16161599132409,"Dnai3","dynein axonemal intermediate chain 3 [Source:MGI Symbol;Acc:MGI:3045269]"
"ENSMUSG00000068323",3.80370936584136,1.44893946771512,0.415930646757637,3.48360833473139,0.000494702861534839,0.0429133300443591,2.16161599132409,"Slc4a5","solute carrier family 4, sodium bicarbonate cotransporter, member 5 [Source:MGI Symbol;Acc:MGI:2443220]"
"ENSMUSG00000034295",40.0422382205365,1.44859843956063,0.348969013972413,4.15108041562435,3.30909464056409e-05,0.00525650866760576,2.06574252958792,"Fhod3","formin homology 2 domain containing 3 [Source:MGI Symbol;Acc:MGI:1925847]"
"ENSMUSG00000033060",225.370395435929,1.44417902452822,0.340612434147384,4.23994804577017,2.23571526183089e-05,0.00515323292874845,1.43451053264269,"Lmo7","LIM domain only 7 [Source:MGI Symbol;Acc:MGI:1353586]"
"ENSMUSG00000091897",1.92929910101963,1.44096471905222,0.420985124226726,3.42283999155317,0.000619705445770832,0.0339560111396199,3.72881728429784,"Gm17019","predicted gene 17019 [Source:MGI Symbol;Acc:MGI:4868370]"
"ENSMUSG00000097484",2.08029481366289,1.43701549776575,0.319071907682996,4.50373556293604,6.67692807950316e-06,0.000883683196572272,3.44504433126575,"Gm26807","predicted gene, 26807 [Source:MGI Symbol;Acc:MGI:5477301]"
"ENSMUSG00000004098",272.857077038026,1.43314839655194,0.288285746954315,4.971277323603,6.65132276281798e-07,0.000338755976538521,0.955585099217488,"Col5a3","collagen, type V, alpha 3 [Source:MGI Symbol;Acc:MGI:1858212]"
"ENSMUSG00000037246",3.3375802386211,1.43119192315669,0.42971802412182,3.33053733569007,0.000866785386851841,0.0459389901790227,3.44504433126575,"H2-M10.5","histocompatibility 2, M region locus 10.5 [Source:MGI Symbol;Acc:MGI:1276526]"
"ENSMUSG00000030677",463.203796974671,1.42229037359396,0.227209395774597,6.25982199699585,3.85417145781881e-10,5.97002408532266e-07,1.03568933049696,"Kif22","kinesin family member 22 [Source:MGI Symbol;Acc:MGI:109233]"
"ENSMUSG00000033634",1.04926958416423,-1.40884950019862,0.401053589972599,-3.51287093651221,0.000443292750586657,0.0280079328542061,3.44504433126575,"Nat8f2","N-acetyltransferase 8 (GCN5-related) family member 2 [Source:MGI Symbol;Acc:MGI:2136446]"
"ENSMUSG00000037568",50.5587511795592,1.39311431815393,0.335810446479206,4.14851393921777,3.34640474429207e-05,0.00958121706161721,0.988791389825458,"Vash2","vasohibin 2 [Source:MGI Symbol;Acc:MGI:2444826]"
"ENSMUSG00000037242",337.852705167566,1.39310110402963,0.277946392618681,5.01212154942714,5.38331796514354e-07,0.000283739977921111,0.955585099217488,"Clic4","chloride intracellular channel 4 (mitochondrial) [Source:MGI Symbol;Acc:MGI:1352754]"
"ENSMUSG00000061616",2.67032998556933,-1.39164299230325,0.405547525249382,-3.43151642078815,0.000600216791411298,0.0467651169005346,2.2972542800886,"Olfr12","olfactory receptor 12 [Source:MGI Symbol;Acc:MGI:107863]"
"ENSMUSG00000025347",46.7764465700573,1.37968909529115,0.249468147320931,5.5305220730895,3.19279117449318e-08,1.38051334722172e-05,2.2767510559073,"Mettl7b","methyltransferase like 7B [Source:MGI Symbol;Acc:MGI:1918914]"
"ENSMUSG00000031849",191.269381576362,-1.37604467701607,0.3672067029356,-3.74732995344421,0.000178726919863482,0.0232080125279258,1.71944627050799,"Comp","cartilage oligomeric matrix protein [Source:MGI Symbol;Acc:MGI:88469]"
"ENSMUSG00000068452",4.85650507368963,1.37488268332436,0.259638218900724,5.29537865860212,1.18770039360591e-07,4.22532656558176e-05,2.2972542800886,"Duox2","dual oxidase 2 [Source:MGI Symbol;Acc:MGI:3036280]"
"ENSMUSG00000066867",4.59993879975242,1.36715248103829,0.405131191688244,3.37459200645885,0.000739251997980478,0.0407662875844818,3.44504433126575,"Oas1e","2'-5' oligoadenylate synthetase 1E [Source:MGI Symbol;Acc:MGI:2180856]"
"ENSMUSG00000025612",63.2405335814909,1.34712525160928,0.273910319247722,4.91812522912273,8.73770100583049e-07,0.000227832029970629,2.05085851259947,"Bach1","BTB and CNC homology 1, basic leucine zipper transcription factor 1 [Source:MGI Symbol;Acc:MGI:894680]"
"ENSMUSG00000104100",1.89691575403847,1.34704169861106,0.356165517784936,3.7820665711509,0.000155531751933702,0.011152475173972,3.72881728429784,"Gm37880","predicted gene, 37880 [Source:MGI Symbol;Acc:MGI:5611108]"
"ENSMUSG00000060445",8.76184419788172,1.32793607048464,0.365283218064974,3.63536019398635,0.000277592506003922,0.0280079328542061,2.16161599132409,"Sycp2","synaptonemal complex protein 2 [Source:MGI Symbol;Acc:MGI:1933281]"
"ENSMUSG00000023905",163.97448193735,1.32498243218933,0.259651024979925,5.10293549694929,3.34425013201388e-07,0.000154439354717135,1.21811521568007,"Tnfrsf12a","tumor necrosis factor receptor superfamily, member 12a [Source:MGI Symbol;Acc:MGI:1351484]"
"ENSMUSG00000024066",104.88579105063,1.32104439524488,0.365036083727486,3.61894194610933,0.000295809982930388,0.0348216031972416,1.71944627050799,"Xdh","xanthine dehydrogenase [Source:MGI Symbol;Acc:MGI:98973]"
"ENSMUSG00000087458",3.0859907052958,1.31436731129868,0.395627772107709,3.32223216862754,0.000893003563918509,0.0465885993004719,3.44504433126575,"Gm13999","predicted gene 13999 [Source:MGI Symbol;Acc:MGI:3651905]"
"ENSMUSG00000018920",537.411498518389,1.30772775398332,0.316872426995012,4.12698500271817,3.67550353788396e-05,0.00957957033788069,1.09450856017719,"Cxcl16","chemokine (C-X-C motif) ligand 16 [Source:MGI Symbol;Acc:MGI:1932682]"
"ENSMUSG00000096965",5.06842857572236,1.30503002675944,0.302827563299396,4.30948230914239,1.63637147208036e-05,0.00199750639671102,3.44504433126575,"3300005D01Rik","RIKEN cDNA 3300005D01 gene [Source:MGI Symbol;Acc:MGI:1925762]"
"ENSMUSG00000025473",112.071260222883,1.29878483391758,0.320109286611894,4.05731694842157,4.96396961068103e-05,0.0109636001647339,1.21811521568007,"Adam8","a disintegrin and metallopeptidase domain 8 [Source:MGI Symbol;Acc:MGI:107825]"
"ENSMUSG00000086369",1.13112102611404,1.29152524130807,0.388745674148953,3.32228839365348,0.000892823624685571,0.0465885993004719,3.44504433126575,"E330017L17Rik","RIKEN cDNA E330017L17 gene [Source:MGI Symbol;Acc:MGI:2442924]"
"ENSMUSG00000022044",1862.62637764227,1.28455636654933,0.332962735135061,3.85795835689621,0.000114338122391533,0.0231432404855184,1.10878641859353,"Stmn4","stathmin-like 4 [Source:MGI Symbol;Acc:MGI:1931224]"
"ENSMUSG00000030077",869.067375870229,1.27388161108189,0.276190800969843,4.61232454740949,3.98190618276204e-06,0.00322125167860478,0.457634568595675,"Chl1","cell adhesion molecule L1-like [Source:MGI Symbol;Acc:MGI:1098266]"
"ENSMUSG00000038059",558.583058181069,1.2645955029494,0.30756562768164,4.11162818316741,3.92878649251106e-05,0.00990186841824136,1.10878641859353,"Smim3","small integral membrane protein 3 [Source:MGI Symbol;Acc:MGI:1917088]"
"ENSMUSG00000087273",25.8849713887004,1.26108247028763,0.355490318341041,3.54744533176796,0.00038898647000467,0.0359198517870193,2.16161599132409,"Gm13203","predicted gene 13203 [Source:MGI Symbol;Acc:MGI:3651445]"
"ENSMUSG00000072294",64.3878134143352,1.25988939613105,0.287663809507571,4.37972853897663,1.18827242306847e-05,0.00269773043117402,1.71944627050799,"Klf12","Kruppel-like factor 12 [Source:MGI Symbol;Acc:MGI:1333796]"
"ENSMUSG00000025239",124.302553228938,1.22792927188597,0.287399789079216,4.27254757500019,1.93252304624952e-05,0.00386370398572114,1.71944627050799,"Limd1","LIM domains containing 1 [Source:MGI Symbol;Acc:MGI:1352502]"
"ENSMUSG00000054855",29.7369126954618,1.22017805568726,0.288513807105175,4.22918427346687,2.34540180010168e-05,0.00366249279240708,2.2767510559073,"Rnd1","Rho family GTPase 1 [Source:MGI Symbol;Acc:MGI:2444878]"
"ENSMUSG00000022948",131.813484607291,1.20559881498946,0.269095222086418,4.48019405785768,7.45752047245399e-06,0.00296523114228298,0.955585099217488,"Setd4","SET domain containing 4 [Source:MGI Symbol;Acc:MGI:2136890]"
"ENSMUSG00000025013",2.60884004468451,-1.2042127428091,0.349594179193991,-3.44460181112135,0.000571901209661326,0.045886232601241,2.2972542800886,"Tll2","tolloid-like 2 [Source:MGI Symbol;Acc:MGI:1346044]"
"ENSMUSG00000110862",2.68548781848597,1.20376451057401,0.301311812549942,3.99507905244998,6.4672669973153e-05,0.00593531438231063,3.44504433126575,"Gm35835","predicted gene, 35835 [Source:MGI Symbol;Acc:MGI:5594994]"
"ENSMUSG00000046854",36.2971739875884,1.19780348064825,0.332918756709473,3.59788523929138,0.000320815107342258,0.0300664079216279,2.2767510559073,"Pip5kl1","phosphatidylinositol-4-phosphate 5-kinase-like 1 [Source:MGI Symbol;Acc:MGI:2448520]"
"ENSMUSG00000097589",284.966046735479,1.19703254080897,0.273764041371858,4.37249733314324,1.22833318087685e-05,0.00401342388010001,1.03568933049696,"Dleu2","deleted in lymphocytic leukemia, 2 [Source:MGI Symbol;Acc:MGI:1934030]"
"ENSMUSG00000079138",77.5419029482947,1.19614054397491,0.338618262136071,3.53241593182073,0.00041178112985351,0.0390682901756169,2.05085851259947,"Gm8818","predicted pseudogene 8818 [Source:MGI Symbol;Acc:MGI:3645903]"
"ENSMUSG00000072082",18.8187974126636,1.17915991054849,0.342693348675206,3.44086021834659,0.000579868012263338,0.0459389901790227,2.2972542800886,"Ccnf","cyclin F [Source:MGI Symbol;Acc:MGI:102551]"
"ENSMUSG00000108937",52.5690305046858,1.17494752673564,0.321648856845771,3.65288886227574,0.000259306481746061,0.0406197705815156,1.21811521568007,"Gm18908","predicted gene, 18908 [Source:MGI Symbol;Acc:MGI:5011093]"
"ENSMUSG00000059248",115.355860947913,1.17353889454305,0.334888421357978,3.50426834640724,0.00045786372752351,0.0474656765286251,1.71944627050799,"Septin9","septin 9 [Source:MGI Symbol;Acc:MGI:1858222]"
"ENSMUSG00000033581",15.1596987074099,1.17149342618216,0.340873681051937,3.43673768701336,0.000588765507914381,0.0464487154433929,2.2972542800886,"Igf2bp2","insulin-like growth factor 2 mRNA binding protein 2 [Source:MGI Symbol;Acc:MGI:1890358]"
"ENSMUSG00000004044",1786.47620571095,1.13279067176265,0.293705888528583,3.85688784599361,0.000114839820915727,0.0233064995792498,1.09450856017719,"Cavin1","caveolae associated 1 [Source:MGI Symbol;Acc:MGI:1277968]"
"ENSMUSG00000002459",81.1145416614478,1.1237652661881,0.313395584049934,3.58577249770389,0.000336081857819811,0.0336407161830072,2.05085851259947,"Rgs20","regulator of G-protein signaling 20 [Source:MGI Symbol;Acc:MGI:1929866]"
"ENSMUSG00000078810",2.23515113962513,-1.11054692702795,0.312234323738148,-3.55677400784194,0.000375436862199825,0.0349911507881681,2.16161599132409,"Gp6","glycoprotein 6 (platelet) [Source:MGI Symbol;Acc:MGI:1889810]"
"ENSMUSG00000015243",456.542997136727,1.10167172266292,0.19380599673189,5.68440472039143,1.31269080702062e-08,9.66747737842711e-06,1.43451053264269,"Abca1","ATP-binding cassette, sub-family A (ABC1), member 1 [Source:MGI Symbol;Acc:MGI:99607]"
"ENSMUSG00000056515",490.484801286633,1.10059089363695,0.238210782600945,4.62023961140615,3.8329711958502e-06,0.00219640313324154,0.713109060572105,"Rab31","RAB31, member RAS oncogene family [Source:MGI Symbol;Acc:MGI:1914603]"
"ENSMUSG00000075553",7.36592380713779,1.08464973215213,0.304766925829324,3.55894829860755,0.000372342812681703,0.0226327062985933,3.72881728429784,"Gm5464","predicted gene 5464 [Source:MGI Symbol;Acc:MGI:3643060]"
"ENSMUSG00000000278",1311.53767872028,1.08174208522558,0.173513850315128,6.23432701920319,4.53724376396581e-10,1.98449355643905e-06,0.291274067793829,"Scpep1","serine carboxypeptidase 1 [Source:MGI Symbol;Acc:MGI:1921867]"
"ENSMUSG00000037185",13.6441932858986,1.07603728573505,0.282118969631817,3.81412595948209,0.000136665754420471,0.015559900283783,2.16161599132409,"Krt80","keratin 80 [Source:MGI Symbol;Acc:MGI:1921377]"
"ENSMUSG00000031628",131.923007661666,1.04942870284961,0.260947381615398,4.02161039652175,5.78016065234162e-05,0.00957957033788069,1.71944627050799,"Casp3","caspase 3 [Source:MGI Symbol;Acc:MGI:107739]"
"ENSMUSG00000007888",34.5306000926586,1.01738218094599,0.285265014289189,3.56644569079406,0.000361855757826052,0.0328020813931081,2.2972542800886,"Crlf1","cytokine receptor-like factor 1 [Source:MGI Symbol;Acc:MGI:1340030]"
"ENSMUSG00000087338",174.855279347555,1.01658361986655,0.196913099240808,5.16260027284094,2.43542838660471e-07,8.72039739416842e-05,1.71944627050799,"Scpep1os","serine carboxypeptidase 1, opposite strand [Source:MGI Symbol;Acc:MGI:1921171]"
"ENSMUSG00000091844",4.16285518938365,1.00044002049922,0.291192920051772,3.43566052471792,0.000591111157518482,0.0348216031972416,3.44504433126575,"Gm8251","predicted gene 8251 [Source:MGI Symbol;Acc:MGI:3647616]"
"ENSMUSG00000030189",111.249815207255,0.982383208713193,0.260668249585307,3.76871065147386,0.000164092970669879,0.029029788424527,1.21811521568007,"Ybx3","Y box protein 3 [Source:MGI Symbol;Acc:MGI:2137670]"
"ENSMUSG00000101431",13.43278964446,0.977028873187142,0.286212448413038,3.41364912184804,0.000640990692154085,0.0491776045976486,2.30439320929677,"Gm7901","predicted gene 7901 [Source:MGI Symbol;Acc:MGI:3645047]"
"ENSMUSG00000024143",913.222399194122,0.974494388105163,0.236571683478247,4.11923512475138,3.80132110158205e-05,0.00964282436769317,1.10878641859353,"Rhoq","ras homolog family member Q [Source:MGI Symbol;Acc:MGI:1931553]"
"ENSMUSG00000030095",432.161633386868,0.959818089235518,0.262088150022427,3.66219567406381,0.000250062733501334,0.0448850661662957,1.03568933049696,"Tmem43","transmembrane protein 43 [Source:MGI Symbol;Acc:MGI:1921372]"
"ENSMUSG00000098154",4.3659332977353,-0.927682950311855,0.273462123568484,-3.39236358661397,0.000692924255504818,0.0390682901756169,3.44504433126575,"Gm5787","predicted gene 5787 [Source:MGI Symbol;Acc:MGI:3811197]"
"ENSMUSG00000028059",111.565790800117,0.922437865434583,0.24443122071061,3.77381360185033,0.000160770900491492,0.0184540732576319,2.05085851259947,"Arhgef2","rho/rac guanine nucleotide exchange factor (GEF) 2 [Source:MGI Symbol;Acc:MGI:103264]"
"ENSMUSG00000036390",1492.74501236041,0.913577152497786,0.20673922134039,4.41898323198968,9.91663402309717e-06,0.00670433560790908,0.457634568595675,"Gadd45a","growth arrest and DNA-damage-inducible 45 alpha [Source:MGI Symbol;Acc:MGI:107799]"
"ENSMUSG00000036902",98.2614042156309,0.909969230298433,0.230498178164793,3.94783697443308,7.88604739311145e-05,0.0158429505638444,1.21811521568007,"Neto2","neuropilin (NRP) and tolloid (TLL)-like 2 [Source:MGI Symbol;Acc:MGI:1921763]"
"ENSMUSG00000099444",9.59355839716277,0.852980483025499,0.245746410959454,3.47097839474137,0.000518565721101545,0.0425113814919411,2.2972542800886,"Gm29240","predicted gene 29240 [Source:MGI Symbol;Acc:MGI:5579946]"
"ENSMUSG00000002233",1994.03000938056,0.84229548797805,0.2079703350294,4.05007516028177,5.12011852644748e-05,0.0245998967700091,0.457634568595675,"Rhoc","ras homolog family member C [Source:MGI Symbol;Acc:MGI:106028]"
"ENSMUSG00000015314",34.7932802846304,-0.815909029096967,0.212714638992709,-3.83569759448917,0.000125208393672974,0.0145026416163588,2.16161599132409,"Slamf6","SLAM family member 6 [Source:MGI Symbol;Acc:MGI:1353620]"
"ENSMUSG00000022148",304.903941861482,0.725588794773782,0.169043345619955,4.29232391321134,1.76812758358138e-05,0.00589309769369255,0.955585099217488,"Fyb","FYN binding protein [Source:MGI Symbol;Acc:MGI:1346327]"
"ENSMUSG00000026728",2194.28173044221,0.621942271723863,0.168516386280218,3.69069314535183,0.000223643798134223,0.039162244662183,1.09450856017719,"Vim","vimentin [Source:MGI Symbol;Acc:MGI:98932]"
"ENSMUSG00000020458",3434.33198314501,0.54228210082647,0.144475505097495,3.75345357305051,0.000174414847945746,0.0330123041599013,1.09450856017719,"Rtn4","reticulon 4 [Source:MGI Symbol;Acc:MGI:1915835]"
"ENSMUSG00000103256",42.5815948805862,0.464581934893634,0.12173684727391,3.8162803234777,0.000135478581726487,0.0178231324951909,1.79917676935753,"Gm37647","predicted gene, 37647 [Source:MGI Symbol;Acc:MGI:5610875]"
"ENSMUSG00000030271",429.537021103965,0.383506651556212,0.10564871997935,3.6300170189584,0.000283402533071841,0.0387209524459542,1.43451053264269,"Ogg1","8-oxoguanine DNA-glycosylase 1 [Source:MGI Symbol;Acc:MGI:1097693]"
"ENSMUSG00000039206",1234.21003888536,0.358733866336295,0.0866594773256848,4.13958031373876,3.47941774879199e-05,0.0111760743919198,0.823231982648186,"Daglb","diacylglycerol lipase, beta [Source:MGI Symbol;Acc:MGI:2442032]"
"ENSMUSG00000025825",6627.18560548133,-0.288012362230787,0.0780322724305351,-3.69093905969709,0.000223427666964171,0.039162244662183,1.09450856017719,"Iscu","iron-sulfur cluster assembly enzyme [Source:MGI Symbol;Acc:MGI:1913633]"
